{"PROFILES": [{"PROFILE_CODE":"PR1","PROFILE_DESC":"Invoice","PROFILE_TYPE":"MAIN","PROFILE_CONTENT":"<div class='Profile' style='position: relative;height:100%;width:100%'><div id='concg0003c004' ng-controller ='concg0003c004' ng-keydown='KEY_DOWN($event)' ng-keyup='KEY_UP($event)' tabindex='0' class='Profile-container' style='top: 66.6668%; height: 33.3334%; left: 0%; width: 50%;'><dircg0003c004 ></dircg0003c004></div><div id='concg0003c001' ng-controller ='concg0003c001' ng-keydown='KEY_DOWN($event)' ng-keyup='KEY_UP($event)' tabindex='0' class='Profile-container' style='top: 0%; height: 33.3334%; left: 0%; width: 50%;'><dircg0003c001 ></dircg0003c001></div><div id='concg0003c003' ng-controller ='concg0003c003' ng-keydown='KEY_DOWN($event)' ng-keyup='KEY_UP($event)' tabindex='0' class='Profile-container' style='top: 33.3334%; height: 33.3334%; left: 0%; width: 50%;'><dircg0003c003 context-menu='menu'></dircg0003c003></div><div id='concg0003c002' ng-controller ='concg0003c002' ng-keydown='KEY_DOWN($event)' ng-keyup='KEY_UP($event)' tabindex='0' class='Profile-container' style='top: 0%; height: 100.00019999999999%; left: 50%; width: 50%;'><dircg0003c002 ></dircg0003c002></div><div ng-controller ='dpsinit' style='display:None'></div><div  ng-controller ='dpsraise' style='display:None'></div><div ng-controller ='dsinfo' style='display:None'></div><div ng-controller ='actions' style='display:None'></div></div>","PROFILE_UICGCS" : [{ "UICGC_CODE" : "UICGC_4","LEFT" : "0%", "TOP" : "66.6668%", "HEIGHT" : "33.3334%", "WIDTH" : "50%", "CONTROLLER_ID" : "concg0003c004" },{ "UICGC_CODE" : "UICGC_1","LEFT" : "0%", "TOP" : "0%", "HEIGHT" : "33.3334%", "WIDTH" : "50%", "CONTROLLER_ID" : "concg0003c001" },{ "UICGC_CODE" : "UICGC_3","LEFT" : "0%", "TOP" : "33.3334%", "HEIGHT" : "33.3334%", "WIDTH" : "50%", "CONTROLLER_ID" : "concg0003c003" },{ "UICGC_CODE" : "UICGC_2","LEFT" : "50%", "TOP" : "0%", "HEIGHT" : "100.00019999999999%", "WIDTH" : "50%", "CONTROLLER_ID" : "concg0003c002" }] }]}